{
  "infiniburn": "#minecraft:infiniburn_nether",
  "effects": "minecraft:the_nether",
  "ambient_light": 0.1,
  "respawn_anchor_works": true,
  "has_raids": false,
  "natural": false,
  "coordinate_scale": 8.0,
  "piglin_safe": true,
  "bed_works": false,
  "fixed_time": 18000,
  "has_skylight": false,
  "has_ceiling": true,
  "ultrawarm": true,
  "min_y": -512,
  "height": 1536,
  "logical_height": 1536,
  "monster_spawn_light_level": {
    "type": "minecraft:uniform",
     "value": {
       "min_inclusive": 0,
       "max_inclusive": 8
     }
  },
  "monster_spawn_block_light_limit": 11
}